note_id,outlink_count,inlink_count,total_degree,is_orphan
bag_of_words.py,0,0,0,True
bandit_example_output,3,1,4,False
addressing_multicollinearity.py,0,0,0,True
bandit_example_fixed.py,0,1,1,False
click_implementation.py,0,0,0,True
cross_entropy_single.py,0,1,1,False
cross_entropy.py,2,1,3,False
comparing_ensembles.py,1,0,1,True
distribution_analysis.py,0,0,0,True
debugging.py,0,1,1,False
factor_analysis.py,0,1,1,False
fastapi_example.py,0,1,1,False
forecasting_autoarima.py,4,4,8,False
forecasting_baseline.py,0,1,1,False
forecasting_exponential_smoothing.py,3,1,4,False
gaussian_mixture_model_implementation.py,0,0,0,True
imbalanced_datasets_smote.py,7,0,7,True
handling_missing_data_basic.ipynb,0,1,1,False
handling_missing_data.ipynb,0,1,1,False
k_means.py,0,0,0,True
pca_analysis.ipynb,1,2,3,False
one_hot_encoding.py,1,0,1,True
momentum.py,0,1,1,False
pca_based_anomaly_detection.py,0,1,1,False
pandas_stack.py,0,1,1,False
pycaret_anomaly.ipynb,0,0,0,True
pandas_common.py,0,2,2,False
pycaret_example.py,0,0,0,True
pydantic_more.py,0,0,0,True
pydantic.py,0,0,0,True
roc_curve.py,0,0,0,True
regression_logistic_metrics.ipynb,0,0,0,True
ts_anomaly_detection.py,0,0,0,True
svm_example.py,0,0,0,True
testing_pytest.py,1,1,2,False
testing_unittest.py,2,1,3,False
vector_embedding.py,0,0,0,True
word2vec.py,4,0,4,True
wikipedia_api.py,0,2,2,False
transfer_learning.py,1,1,2,False
attention_is_all_you_need,0,0,0,True
bert_pretraining_of_deep_bidirectional_transformers_for_language_understanding,0,1,1,False
algorithms,3,7,10,False
bm25_(best_match_25),0,1,1,False
big_o_notation,0,1,1,False
computer_science,1,3,4,False
checksum,3,1,4,False
concurrency,1,6,7,False
directed_acyclic_graph_(dag),3,2,5,False
flask,3,3,6,False
convex_optimisation,0,1,1,False
generators_in_python,6,0,6,True
heap_data_structure,2,0,2,True
heap_memory,2,1,3,False
hash,1,2,3,False
how_to_search_within_a_graph,6,3,9,False
immutable_vs_mutable,1,1,2,False
java_vs_javascript,5,0,5,True
java,0,4,4,False
javascript,0,6,6,False
knowledge_graph,6,4,10,False
langchain,12,1,13,False
machine_learning_algorithms,24,9,33,False
monte_carlo_simulation,0,2,2,False
multiprocessing_vs_multithreading,4,1,5,False
multithreading,0,4,4,False
node.js,0,4,4,False
numpy,0,2,2,False
processes_vs_threads,6,0,6,True
pygraphviz,0,1,1,False
ranking_models,0,0,0,True
quicksort,1,0,1,True
recursive_algorithm,0,3,3,False
science_portal,0,0,0,True
times_series_python_packages,0,0,0,True
strongly_vs_weakly_typed_language,2,0,2,True
csv_module,2,0,2,True
garbage_collector,0,1,1,False
neomodel,5,1,6,False
programming_languages,3,1,4,False
altair,6,1,7,False
boxplot,5,5,10,False
binder,2,1,3,False
dash,4,1,5,False
dashboards,3,1,4,False
dashboarding,2,1,3,False
data_analysis,8,11,19,False
data_analysis_portal,2,0,2,True
data_distribution,0,3,3,False
data_analyst,9,3,12,False
data_mining,1,2,3,False
data_product,1,1,2,False
data_reduction,3,1,4,False
data_visualisation,12,18,30,False
eda,17,10,27,False
duckdb,8,2,10,False
er_diagrams,2,7,9,False
heatmap,2,6,8,False
label_encoding,0,5,5,False
linear_discriminant_analysis,0,2,2,False
log_transformation,0,5,5,False
mariadb_vs_mysql,0,1,1,False
looker_studio,4,1,5,False
melt,10,0,10,True
multiple_correspondence_analysis,1,1,2,False
multivariate_analysis,2,3,5,False
olap,5,4,9,False
page_rank,1,1,2,False
parquet,7,5,12,False
powerbi,0,4,4,False
plotly,0,7,7,False
preprocessing_text_classification,7,1,8,False
preprocessing,9,21,30,False
sql_window_functions,2,1,3,False
seaborn,2,1,3,False
tableau,2,4,6,False
altair_versus_seaborn,2,0,2,True
t-sne,6,5,11,False
aws_lambda,4,0,4,True
acid_transaction,1,4,5,False
ada_boosting,3,1,4,False
apache_iceberg,7,1,8,False
adding_a_database_to_postgresql,0,1,1,False
aggregation,3,2,5,False
attack_mitigation,0,2,2,False
attack_types,1,1,2,False
benefits_of_data_transformation,3,1,4,False
azure,0,2,2,False
big_data,5,5,10,False
bigquery,2,5,7,False
cuda,2,0,2,True
crud,0,5,5,False
cassandra,0,1,1,False
cloud_providers,6,3,9,False
coaching_&_mentoring,0,1,1,False
columnar_storage,2,6,8,False
command_prompt,3,4,7,False
common_table_expression,4,1,5,False
components_of_the_database,3,2,5,False
covering_index,1,1,2,False
crosstab,1,3,4,False
curse_of_dimensionality,8,2,10,False
cypher,4,3,7,False
data_architect,0,1,1,False
data_architecture,0,1,1,False
data_cleansing,7,8,15,False
data_contract,5,2,7,False
data_deployment,3,1,4,False
data_dictionary,1,1,2,False
data_drift,1,4,5,False
data_engineering_portal,9,1,10,False
data_engineering,6,3,9,False
data_engineering_tools,11,3,14,False
data_evaluation,0,1,1,False
data_hierarchy_of_needs,4,0,4,True
data_integration,2,4,6,False
data_integrity,4,11,15,False
data_lake,3,8,11,False
data_lakehouse,12,3,15,False
data_leakage,0,4,4,False
data_lifecycle_management,9,3,12,False
data_management,8,14,22,False
data_modeling,5,2,7,False
data_observability,4,8,12,False
data_principles,9,0,9,True
data_quality,4,27,31,False
data_security,6,10,16,False
data_selection,2,4,6,False
data_sources,1,4,5,False
data_storage,15,10,25,False
data_transformation_in_data_engineering,4,1,5,False
data_transformation_with_pandas,11,1,12,False
data_transformation,13,18,31,False
data_validation,4,4,8,False
data_virtualization,1,2,3,False
dataops,0,1,1,False
data_warehouse,5,12,17,False
database_index,5,5,10,False
database_management_system_(dbms),8,5,13,False
database_schema,7,11,18,False
database_storage,4,0,4,True
database_techniques,8,4,12,False
database,15,17,32,False
digital_twin,4,0,4,True
distributed_computing,8,4,12,False
duckdb_in_python,0,1,1,False
duckdb_vs_sqlite,4,1,5,False
durability,0,1,1,False
elt,4,3,7,False
etl_1,0,0,0,True
etl_pipeline_example,1,1,2,False
etl_vs_elt,1,3,4,False
etl,7,9,16,False
estimator,1,3,4,False
etlt,0,0,0,True
event_driven_microservices,3,2,5,False
event-driven_architecture,0,3,3,False
fabric,11,0,11,True
faker,0,0,0,True
file_management,3,0,3,True
folder_tree_diagram,0,0,0,True
foreign_key,0,2,2,False
github_actions,13,0,13,True
google_sheet_pivots_table,0,1,1,False
grain,2,1,3,False
graph_query_language,5,1,6,False
groupby_vs_crosstab,3,1,4,False
groupby,3,8,11,False
honkit,0,0,0,True
how_is_schema_evolution_done_in_practice_with_sql,2,0,2,True
hosting,1,0,1,True
how_to_normalise_a_merged_table,1,3,4,False
implementing_database_schema,2,1,3,False
imputation_techniques,3,2,5,False
indexing_in_cypher,1,1,2,False
input_is_not_properly_sanitized,1,1,2,False
joining_datasets,3,2,5,False
junction_tables,0,1,1,False
knime,4,2,6,False
many-to-many_relationships,1,3,4,False
logical_model,0,1,1,False
mariadb,2,1,3,False
merge,0,3,3,False
missing_data,3,3,6,False
microsoft_access,2,0,2,True
model_deployment,11,7,18,False
monolith_architecture,3,1,4,False
multi-level_index,5,5,10,False
multiprocessing,5,2,7,False
mysql,2,7,9,False
nosql,1,3,4,False
normalised_schema,2,6,8,False
oltp,0,2,2,False
object_relational_mapper,1,3,4,False
overfitting,3,15,18,False
pandas_stack,9,2,11,False
pandas_pivot_table,1,2,3,False
pandas_join_vs_merge,1,1,2,False
pandas,6,7,13,False
pgadmin_permissions_on_windows,0,1,1,False
physical_model,0,1,1,False
pickle,0,1,1,False
poetry,1,2,3,False
polars,0,0,0,True
postgresql,1,8,9,False
postman,1,1,2,False
powershell,7,8,15,False
prevention_is_better_than_the_cure,3,1,4,False
primary_key,0,1,1,False
push-down,1,0,1,True
pydantic,9,4,13,False
pyright_vs_pydantic,5,0,5,True
querying_time_series,3,1,4,False
query_optimisation,4,0,4,True
querying,4,29,33,False
race_conditions,0,2,2,False
relational_database,2,5,7,False
relating_tables_together,6,2,8,False
row_parameters_in_sql,0,0,0,True
row-based_storage,3,1,4,False
sql_groupby,3,1,4,False
smss,1,0,1,True
sql_injection,3,5,8,False
sql_joins,2,4,6,False
sqlalchemy_vs._sqlite3,4,1,5,False
sql,3,16,19,False
sqlalchemy,11,3,14,False
sqlite_studio,1,1,2,False
scalability,0,17,17,False
sqlite,5,12,17,False
scaling_server,0,1,1,False
schema_evolution,3,5,8,False
search,3,7,10,False
security_researcher,0,2,2,False
security_mitigation,0,1,1,False
single_source_of_truth,5,3,8,False
sklearn_pipiline,1,0,1,True
slowly_changing_dimension,3,0,3,True
snowflake_schema,2,1,3,False
soft_deletion,4,2,6,False
software_design_patterns,2,0,2,True
spreadsheets_vs_databases,2,2,4,False
star_schema,1,4,5,False
stored_procedures,1,1,2,False
structuring_and_organizing_data,2,1,3,False
transaction,8,6,14,False
turning_a_flat_file_into_a_database,3,3,6,False
types_of_database_schema,6,1,7,False
unix,0,2,2,False
usability,0,2,2,False
vacuum,0,2,2,False
vector_database,10,1,11,False
vectorized_engine,2,1,3,False
view_use_case,2,1,3,False
views,8,2,10,False
why_use_pyspark_in_databricks,3,1,4,False
windows_subsystem_for_linux,3,2,5,False
data_lineage,1,3,4,False
dbt_1,0,1,1,False
design_pattern,0,1,1,False
heterogeneous_features,2,1,3,False
in-memory_format,1,0,1,True
incremental_synchronization,0,1,1,False
map_reduce,5,0,5,True
master_data_management,4,2,6,False
neo4j,5,5,10,False
pd.grouper,2,0,2,True
pgadmin,7,1,8,False
pyodbc,1,1,2,False
reverse_etl,1,0,1,True
rollup,2,1,3,False
semantic_layer,4,1,5,False
storage_layer_object_store,2,0,2,True
structured_data,5,5,10,False
unstructured_data,1,3,4,False
acf_plots,8,9,17,False
adf_test,4,4,8,False
ai,1,1,2,False
arima_vs_random_forest_in_time_series,6,2,8,False
arima,16,13,29,False
additive_vs_multiplicative_models_time_series,2,3,5,False
agent_exploration,0,1,1,False
agentic_solutions,4,3,7,False
autocorrelation_vs_autoregression,2,0,2,True
autocorrelation,7,6,13,False
autoregression,1,2,3,False
baseline_forecast,4,2,6,False
basics_of_time_series,1,1,2,False
batch_gradient_descent,4,1,5,False
bellman_equations,1,2,3,False
bias-variance_trade_off,4,2,6,False
capability,0,2,2,False
choosing_a_threshold,3,1,4,False
choosing_the_number_of_clusters,4,1,5,False
clustermap,2,0,2,True
correlated_time_series,3,1,4,False
covariance_structures,9,2,11,False
cross_validation,11,13,24,False
ds_&_ml_portal,62,2,64,False
data_assessment,2,0,2,True
data_collection,3,6,9,False
data_mining_-_crisp,6,4,10,False
data_preparation,1,5,6,False
data_science,5,0,5,True
data_scientist,1,1,2,False
data_understanding,7,4,11,False
datasets,1,5,6,False
decomposition_in_time_series,13,8,21,False
differencing_in_time_series,6,6,12,False
dynamic_time_warping,5,0,5,True
evaluating_time_series_forecasts,8,0,8,True
evolving_seasonality,3,2,5,False
f-statistic,0,2,2,False
feature_engineering,3,13,16,False
feature_scaling,13,3,16,False
feature_selection_vs_feature_importance,3,1,4,False
forecasting_using_lags,3,2,5,False
forecasting_with_autoregressive_(ar)_models,5,1,6,False
forward_propagation,4,2,6,False
gaussian_mixture_models,8,6,14,False
gitlab,1,2,3,False
gompertz_model,1,1,2,False
good_enough_principle_in_data_projects,2,1,3,False
graphrag,10,8,18,False
handling_missing_data,6,5,11,False
holt-winters_(exponential_smoothing),6,3,9,False
holt-winters_vs_arima,9,1,10,False
holt’s_linear_trend_model_(double_exponential_smoothing),2,1,3,False
imbalanced_datasets,11,16,27,False
interpolation,0,0,0,True
intervention_analysis,0,1,1,False
joining_time_series,3,1,4,False
kernel_machines,3,0,3,True
kpss_test,0,2,2,False
lstm_in_time_series,4,1,5,False
latency,1,6,7,False
mnist,1,3,4,False
logistic_model_curve,1,1,2,False
normalisation,10,6,16,False
mean_absolute_percentage_error,3,3,6,False
out-of-sample_rolling_forecast_evaluation,5,1,6,False
pacf_plots,4,5,9,False
performance_dimensions,19,4,23,False
properties_of_time_series_models,0,1,1,False
prophet,3,1,4,False
random_forest_regression,1,2,3,False
residuals_analysis,0,3,3,False
rolling_mean_vs_cumulative_mean,0,0,0,True
shapley_additive_explanations,1,4,5,False
smote_(synthetic_minority_over-sampling_technique),1,2,3,False
stl_decomposition,3,4,7,False
scatter_plots,0,3,3,False
scientific_method,4,3,7,False
scipy,0,1,1,False
seasonality_in_time_series,3,5,8,False
seasonal_naive_forecast,0,1,1,False
shot_learning,0,0,0,True
silhouette_analysis,3,3,6,False
simple_exponential_smoothing_(ses),0,2,2,False
sparsecategorialcrossentropy_or_categoricalcrossentropy,4,1,5,False
stacking,1,1,2,False
stationary_time_series,15,12,27,False
time_series_forecasting,22,18,40,False
time_series_forecasts_in_business,1,1,2,False
time_series_shocks,0,4,4,False
time_series_learning_resources,0,1,1,False
time_series,15,12,27,False
trends_in_time_series,3,4,7,False
how_do_you_do_the_data_selection,2,1,3,False
pmdarima,3,2,5,False
sklearn_datasets,2,0,2,True
stack_memory,0,1,1,False
deep_learning,12,10,22,False
convolutional_neural_networks,4,1,5,False
lstm,12,9,21,False
how_is_reinforcement_learning_being_combined_with_deep_learning,2,0,2,True
policy,5,3,8,False
multi-agent_reinforcement_learning,0,1,1,False
sarsa,1,2,3,False
relu,2,6,8,False
.md,0,0,0,True
ab_testing,1,0,1,True
api,4,11,15,False
api_driven_microservices,3,1,4,False
alternatives_to_batch_processing,8,1,9,False
amazon_s3,2,6,8,False
apache_airflow,1,4,5,False
apache_kafka,5,4,9,False
apache_spark,1,13,14,False
bash,3,3,6,False
batch_processing,4,10,14,False
batch_vs_powershell_scripts,8,0,8,True
ci-cd,5,2,7,False
"catalogs,_schemas,_and_tables_in_databricks",4,3,7,False
click,1,0,1,True
clustering_dashboard.py,0,1,1,False
code_diagrams,5,0,5,True
command_line,4,5,9,False
continuous_delivery_-_deployment,2,2,4,False
continuous_integration,0,7,7,False
cron_jobs,1,3,4,False
data_ingestion,10,8,18,False
data_orchestration,1,0,1,True
data_pipeline_to_data_products,3,2,5,False
data_pipeline,7,7,14,False
data_streaming,5,7,12,False
databricks_&_dbt,2,0,2,True
databricks_vs_snowflake,5,1,6,False
databricks,18,9,27,False
debugging,10,5,15,False
declarative_data_pipeline,4,3,7,False
delta_tables_in_databricks,9,3,12,False
devops,3,3,6,False
devops_portal,9,2,11,False
digital_transformation,6,0,6,True
docker_image,0,1,1,False
docker,1,2,3,False
elastic_net,2,1,3,False
event_driven_events,5,3,8,False
environment_variables,0,2,2,False
epub,1,0,1,True
event_driven,4,0,4,True
excel_vs_google_sheets,2,1,3,False
everything,1,0,1,True
excel_pivot_table,0,2,2,False
excel,4,3,7,False
firebase,1,0,1,True
fastapi,3,4,7,False
gis,4,3,7,False
gpt,0,1,1,False
git,1,3,4,False
github_gists,0,0,0,True
global_interpreter_lock,2,2,4,False
google_colab,0,2,2,False
google_cloud_platform,6,4,10,False
google_my_maps_data_extraction,1,0,1,True
google_sheets,5,4,9,False
gradio,1,1,2,False
hadoop,5,6,11,False
grep,3,1,4,False
hugging_face,2,3,5,False
json_to_sqlite,3,0,3,True
json,0,12,12,False
justfile,2,1,3,False
load_balancing,0,1,1,False
loading_google_sheets_into_databricks,4,0,4,True
maintainability,0,11,11,False
makefile,0,2,2,False
maintainable_code,3,1,4,False
master_observability_datadog,2,1,3,False
memory_caching,1,1,2,False
memory,1,1,2,False
microsoft,0,2,2,False
mongodb,0,3,3,False
net,0,3,3,False
overwriting_and_refreshing_tables_in_databricks,0,1,1,False
normalisation_of_text,4,2,6,False
pmml,0,0,0,True
pandas_series_vs_dataframe,0,1,1,False
powerquery,4,1,5,False
pandoc,0,0,0,True
powershell_scripts,2,1,3,False
powershell_versus_command_prompt,4,1,5,False
powershell_vs_bash,5,1,6,False
publish_and_subscribe,6,2,8,False
pyspark,8,3,11,False
python,1,12,13,False
quartz,3,1,4,False
pytest,0,4,4,False
rest_api,5,2,7,False
random_access_memory,0,1,1,False
registering_a_scheduled_task,2,1,3,False
react,3,1,4,False
sql_vs_nosql,2,0,2,True
scala,4,3,7,False
security_vulnerabilities,6,4,10,False
sharepoint,1,0,1,True
snowflake_vs_hadoop,3,0,3,True
snowflake,9,7,16,False
software_development_life_cycle,1,4,5,False
spark_dataframes_in_databricks,1,1,2,False
streamlit,3,3,6,False
toml,4,4,8,False
technical_design_doc_template,0,1,1,False
terminal_commands,2,0,2,True
testing,8,7,15,False
types_of_computational_bugs,1,2,3,False
ubuntu,1,1,2,False
typescript,0,2,2,False
using_requirements_or_env.yml,0,1,1,False
web_feature_server_(wfs),1,1,2,False
vercel,2,0,2,True
virtual_environments,2,2,4,False
windows_scheduled_tasks,6,1,7,False
why_json_is_better_than_pickle_for_untrusted_data,4,1,5,False
web_map_tile_service_(wmts),1,1,2,False
windows,0,2,2,False
bat,5,5,10,False
dependency_manager,4,1,5,False
dbt,7,7,14,False
dagster,2,3,5,False
frontend,0,2,2,False
functional_programming,0,1,1,False
gitlab-ci.yml,5,0,5,True
imperative,0,0,0,True
ipynb,4,3,7,False
jinja_template,5,1,6,False
kubernetes,0,2,2,False
jupytext,3,0,3,True
nbconvert,2,2,4,False
tool.bandit,4,2,6,False
tool.ruff,2,3,5,False
shapefile,1,1,2,False
tool.uv,2,2,4,False
unittest,0,1,1,False
ai_engineer,4,0,4,True
yaml,1,1,2,False
ai_governance,3,0,3,True
analytics_engineer,1,0,1,True
business_understanding,2,0,2,True
business_values,0,1,1,False
business_observability,3,1,4,False
data_ai_education_at_work,0,0,0,True
data_governance,1,6,7,False
data_engineer,7,4,11,False
data_roles,11,1,12,False
data_steward,4,2,6,False
design_thinking_questions,0,1,1,False
documentation_&_meetings,13,9,22,False
energy_abm,1,1,2,False
energy_demand_forecasting,1,4,5,False
energy_storage,0,1,1,False
energy,11,2,13,False
facts,1,5,6,False
gartner_hype_cycle,2,0,2,True
industries_of_interest,7,0,7,True
knowledge_work,1,1,2,False
ml_engineer,0,1,1,False
managing_people,5,1,6,False
network_design,0,1,1,False
operational_resilience_for_growth_and_adaptability,2,0,2,True
reporting,0,1,1,False
smart_grids,1,1,2,False
scaling_data_science_capability,0,1,1,False
telecommunications,0,1,1,False
thinking_systems,3,0,3,True
use_of_rnns_in_energy_sector,5,1,6,False
working_with_smes,3,0,3,True
business_intelligence,2,5,7,False
data_literacy,1,0,1,True
aic_in_model_evaluation,3,2,5,False
auc,1,2,3,False
accuracy,3,10,13,False
activation_function,7,4,11,False
activation_atlases,0,1,1,False
active_learning,1,0,1,True
adam_optimizer,6,8,14,False
adaptive_learning_rates,3,1,4,False
adjusted_r_squared,3,4,7,False
agent-based_modelling,7,4,11,False
anomaly_detection_in_time_series,5,2,7,False
anomaly_detection_with_clustering,5,2,7,False
anomaly_detection_with_statistical_methods,8,1,9,False
anomaly_detection,20,8,28,False
assessing_gen_ai_generated_content,5,0,5,True
automl,1,0,1,True
automated_feature_creation,4,1,5,False
backpropagation,10,7,17,False
bagging_vs_boosting,3,1,4,False
bagging,5,5,10,False
batch_normalisation,6,2,8,False
bias_in_ml,2,4,6,False
binary_classification,5,9,14,False
boosting,8,7,15,False
business_value_of_anomaly_detection,1,1,2,False
cart,0,3,3,False
catboost,3,3,6,False
challenges_to_model_deployment,7,1,8,False
class_separability,5,0,5,True
classification,10,26,36,False
classification_report,4,1,5,False
cluster_density,3,2,5,False
cluster_seperation,2,1,3,False
collaborative_filtering,0,1,1,False
clustering,14,22,36,False
confusion_matrix,9,4,13,False
cost_function,9,13,22,False
cost-sensitive_analysis,1,3,4,False
cross_entropy,7,8,15,False
customer_growth_modeling,2,2,4,False
dbscan,3,5,8,False
data_selection_in_ml,11,1,12,False
data_transformation_in_machine_learning,2,1,3,False
decision_theory,2,1,3,False
decision_tree,16,20,36,False
decision_trees_are_fragile,5,1,6,False
deep_learning_frameworks,3,0,3,True
deep_q-learning,4,1,5,False
dendrograms,2,4,6,False
determining_threshold_values,7,0,7,True
dimension_table,4,5,9,False
dimensional_modelling,9,2,11,False
dimensionality_reduction,6,21,27,False
dimensions,2,1,3,False
distributions_in_decision_tree_leaves,0,1,1,False
dropout,3,1,4,False
dummy_variable_trap,2,2,4,False
edge_ml,2,1,3,False
encoding_categorical_variables,4,1,5,False
epoch,1,4,5,False
evaluating_language_models,6,0,6,True
evaluating_logistic_regression,1,1,2,False
evaluating_the_effectiveness_of_prompts,1,2,3,False
evaluation_metrics,10,16,26,False
exploration_vs_exploitation,1,2,3,False
exponential_smoothing,4,5,9,False
f1_score,3,4,7,False
faiss,7,1,8,False
fact_table,7,6,13,False
feature_engineering_for_time_series,5,2,7,False
feature_evaluation,5,0,5,True
feature_extraction,4,4,8,False
feature_importance,10,13,23,False
feature_selection,20,23,43,False
feature_transformations,0,1,1,False
feed_forward_neural_network,7,4,11,False
filter_methods,4,4,8,False
fitting_weights_and_biases_of_a_neural_network,17,1,18,False
framework_for_models,1,0,1,True
gru,0,3,3,False
gaussian_model,2,1,3,False
general_linear_regression,3,0,3,True
generalisation,0,4,4,False
generative_adversarial_networks,0,1,1,False
gini_impurity_vs_cross_entropy,5,1,6,False
gini_impurity,3,3,6,False
gradient_boosted_trees,2,1,3,False
gradient_boosting_regressor,3,0,3,True
gradient_boosting,14,8,22,False
gradient_descent,12,24,36,False
gradient_descent_in_linear_regression,3,1,4,False
graph_neural_network,2,0,2,True
graph_theory_community,0,1,1,False
gridseachcv,3,4,7,False
growth_models_in_time_series,1,1,2,False
hierarchical_clustering,0,1,1,False
high_cross_validation_accuracy_is_not_directly_proportional_to_performance_on_unseen_test_data,7,0,7,True
histogram,0,1,1,False
how_do_we_evaluate_of_llm_outputs,4,1,5,False
how_to_use_sklearn_pipeline,1,0,1,True
hyperparameter_tuning,8,9,17,False
hyperparameter,5,20,25,False
ice_plot,2,1,3,False
impact_of_multicollinearity_on_model_parameters,1,1,2,False
inertia_k_means_cost_function,3,0,3,True
interoperability,0,8,8,False
interpretability,0,39,39,False
interpreting_logistic_regression_model_parameters,1,1,2,False
isolated_forest,8,5,13,False
jaccard_coefficient,0,0,0,True
k-means,4,10,14,False
k-nearest_neighbours,4,7,11,False
keras,3,6,9,False
kernel_density_estimation,0,1,1,False
kernelling,3,3,6,False
kmeans_vs_gmm,4,1,5,False
l1_regularisation,2,5,7,False
lbfgs,5,0,5,True
llm_evaluation_metrics,2,2,4,False
label_encoding_vs_one-hot_encoding,2,1,3,False
labelling_data,1,0,1,True
lagrange_multipliers_in_optimisation,2,0,2,True
latent_dirichlet_allocation,6,1,7,False
latent_semantic_indexing,0,1,1,False
learning_curve,3,1,4,False
learning_rate,6,16,22,False
learning_styles,8,0,8,True
lightgbm_vs_xgboost_vs_catboost,6,0,6,True
lightgbm,1,4,5,False
linear_regression,11,15,26,False
local_interpretable_model-agnostic_explainations,2,3,5,False
local_outlier_factor_(lof),0,1,1,False
logistic_regression_statsmodel_summary_table,4,1,5,False
logistic_regression_does_not_predict_probabilities,1,1,2,False
logistic_regression,12,15,27,False
logistic_regression_in_sklearn_&_gradient_descent,2,0,2,True
loss_function,11,26,37,False
loss_versus_cost_function,4,2,6,False
machine_learning_operations,12,1,13,False
machine_learning,2,4,6,False
markov_decision_processes,1,3,4,False
manifold_learning,2,3,5,False
maximum_likelihood_estimation,7,3,10,False
median_absolute_error,1,1,2,False
mermaid,0,3,3,False
metadata_handling,0,1,1,False
methods_for_handling_outliers,0,1,1,False
metric,5,4,9,False
mini-batch_gradient_descent,1,1,2,False
model_building,6,6,12,False
model_deployment_using_pycaret,3,1,4,False
model_ensemble,6,18,24,False
model_evaluation_vs_model_optimisation,2,0,2,True
model_evaluation,8,19,27,False
model_interpretability,5,2,7,False
model_observability,14,4,18,False
model_optimisation,11,10,21,False
model_parameters_tuning,5,2,7,False
model_parameters,9,22,31,False
model_random_states,1,0,1,True
model_selection,7,8,15,False
model_validation,3,3,6,False
model_parameters_vs_hyperparameters,6,2,8,False
momentum,7,3,10,False
moving_average_forecast,1,2,3,False
multinomial_naive_bayes,0,0,0,True
multiple_linear_regression,0,1,1,False
naive_bayes_classifier,1,4,5,False
naive_forecast,0,1,1,False
neural_network_classification,9,0,9,True
neural_scaling_laws,14,0,14,True
neural_network_in_practice,6,1,7,False
neural_network,10,27,37,False
non-negative_matrix_factorization_in_ml,0,0,0,True
non-parametric_tests,0,2,2,False
normalisation_of_data,3,3,6,False
normalisation_vs_standardisation,3,2,5,False
one-hot_encoding,6,4,10,False
optimisation_function,5,7,12,False
optimisation_techniques,8,7,15,False
optimising_neural_networks,2,1,3,False
optimising_a_logistic_regression_model,8,0,8,True
optuna,5,0,5,True
order_matters_in_boosting,0,1,1,False
ordinary_least_squares,3,3,6,False
orthogonalization,4,0,4,True
outliers,6,0,6,True
over_parameterised_models,1,1,2,False
pca_explained_variance_ratio,2,2,4,False
pca_principal_components,5,1,6,False
pca-based_anomaly_detection,2,2,4,False
partial_dependence_plot,5,1,6,False
percentile_detection,0,1,1,False
polynomial_regression,0,1,1,False
performance_drift,3,6,9,False
positional_encoding,3,1,4,False
precision_or_recall,4,3,7,False
precision-recall_curve,9,2,11,False
precision,5,8,13,False
prediction_intervals_vs_confidence_interval,3,1,4,False
principal_component_analysis,13,13,26,False
pycaret,8,3,11,False
pyod,1,2,3,False
pytorch,14,10,24,False
pytorch_vs_tensorflow,3,1,4,False
q-learning,5,3,8,False
roc_(receiver_operating_characteristic),3,5,8,False
random_forest_for_time_series,8,3,11,False
random_forest,11,18,29,False
recall,3,10,13,False
recommender_systems,5,3,8,False
recurrent_neural_networks,13,10,23,False
regression_metrics,9,6,15,False
regression,11,16,27,False
regularisation_of_tree_based_models,7,1,8,False
regularisation,10,15,25,False
reinforcement_learning,9,12,21,False
relationships_in_memory,4,1,5,False
reward_function,2,1,3,False
ridge,8,9,17,False
sarima,6,8,14,False
sammon’s_mapping,0,1,1,False
scikit-learn,3,13,16,False
secretary_problem,1,1,2,False
sentence_transformers,7,1,8,False
sklearn_pipeline,1,1,2,False
specificity,0,3,3,False
spectral_clustering,0,1,1,False
supervised_learning,9,12,21,False
support_vector_classifier,2,0,2,True
support_vector_machines,4,17,21,False
tensorflow,5,10,15,False
support_vector_regression,1,1,2,False
test_loss_when_evaluating_models,7,1,8,False
text_classification,4,3,7,False
time_series_python_packages,12,1,13,False
train-dev-test_sets,14,1,15,False
transfer_learning,7,6,13,False
transformer,10,17,27,False
transformed_target_regressor,2,0,2,True
transformers_vs_rnns,12,2,14,False
type_i_error_(false_positive),0,2,2,False
type_ii_error_(false_negative),0,1,1,False
types_of_neural_networks,6,1,7,False
typical_output_formats_in_neural_networks,7,0,7,True
umap,3,2,5,False
unsupervised_learning,9,8,17,False
use_cases_for_a_simple_neural_network_like,7,1,8,False
variability_in_linear_models,2,1,3,False
variance_in_ml,2,3,5,False
wcss_and_elbow_method,2,3,5,False
vector_embedding,16,15,31,False
weak_learners,4,2,6,False
when_and_why_not_to_us_regularisation,5,1,6,False
why_removing_outliers_may_improve_regression_but_harm_classification,5,1,6,False
why_type_1_and_type_2_matter,5,1,6,False
why_does_increasing_the_number_of_models_in_a_ensemble_not_necessarily_improve_the_accuracy,1,0,1,True
why_does_the_adam_optimizer_converge,3,1,4,False
why_standardise_features,2,2,4,False
wrapper_methods,3,2,5,False
xgboost,11,7,18,False
xaiver,3,2,5,False
conceptual_data_model,0,1,1,False
emergent_behavior,0,1,1,False
f-regression,7,1,8,False
granularity,8,9,17,False
inference_versus_prediction,4,1,5,False
inference,1,4,5,False
initialization_methods,6,3,9,False
interoperable,0,1,1,False
lambda_architecture,4,0,4,True
model-agnostic_feature_importance,5,0,5,True
objective_function,0,2,2,False
semi-structured_data,3,1,4,False
vanishing_and_exploding_gradients_problem,7,10,17,False
ai_agents_memory,1,0,1,True
attention_mechanism,7,10,17,False
bertscore,0,1,1,False
bert,16,16,32,False
bag_of_words,1,5,6,False
chain_of_thought,3,3,6,False
claude,0,1,1,False
chatgpt,0,2,2,False
comparing_llms,2,0,2,True
distillation,3,3,6,False
elasticsearch,3,0,3,True
embedded_methods,14,1,15,False
evaluate_embedding_methods,10,0,10,True
generative_ai_from_theory_to_practice,14,0,14,True
fuzzywuzzy,2,0,2,True
generative_ai,0,8,8,False
grammar_method,0,1,1,False
guardrails,4,1,5,False
how_llms_store_facts,6,0,6,True
how_businesses_use_gen_ai,3,0,3,True
how_to_reduce_the_need_for_gen_ai_responses,3,0,3,True
how_would_you_decide_between_using_tf-idf_and_word2vec_for_text_vectorization,0,1,1,False
in_ner_how_would_you_handle_ambiguous_entities,1,1,2,False
key_components_of_attention_and_formula,0,1,1,False
knowledge_graph_vs_rag_setup,4,0,4,True
llm,13,20,33,False
llm_memory,3,6,9,False
language_model_output_optimisation,4,0,4,True
language_models_large_(llms)_vs_small_(slms),3,0,3,True
language_models,2,9,11,False
local_llm_use_cases,3,0,3,True
mathematical_reasoning_in_transformers,3,2,5,False
mixture_of_experts,0,1,1,False
multi-head_attention,1,2,3,False
model_cascading,0,1,1,False
ner_implementation,0,1,1,False
nlp_portal,0,0,0,True
nlp,13,23,36,False
named_entity_recognition,9,5,14,False
ngrams,2,3,5,False
non-negative_matrix_factorization,4,0,4,True
notebooklm,2,1,3,False
pandas_dataframe_agent,0,1,1,False
oov_words,5,2,7,False
part_of_speech_tagging,0,2,2,False
prompt_engineering,5,2,7,False
prompts,2,7,9,False
pyright,6,2,8,False
rag,9,8,17,False
scaling_agentic_systems,4,0,4,True
self_attention_vs_multi-head_attention,2,0,2,True
self-attention,5,3,8,False
semantic_relationships,5,12,17,False
semantic_search,1,2,3,False
sentence_similarity,6,2,8,False
sentence_transformer_workflow,4,1,5,False
similarity_search,4,2,6,False
small_language_models,10,5,15,False
stemming,0,3,3,False
summarisation,2,2,4,False
tf-idf_implementation,0,1,1,False
tf-idf,8,10,18,False
text2cypher,4,2,6,False
tokenisation,6,8,14,False
vectorisation,4,0,4,True
why_is_named_entity_recognition_(ner)_a_challenging_task,0,1,1,False
word2vec,6,5,11,False
wordnet,0,2,2,False
embeddings_for_oov_words,5,2,7,False
lemmatization,0,5,5,False
nltk,9,4,13,False
prompt_retrievers,0,1,1,False
spacy,6,5,11,False
stopwords,0,1,1,False
syntactic_relationships,1,2,3,False
topic_modeling,0,2,2,False
1-on-1_template,1,1,2,False
1-to-1's_with_a_line_manager,1,1,2,False
asking_questions,3,2,5,False
change_management,0,4,4,False
communication_techniques,1,1,2,False
communication_principles,3,1,4,False
conceptual_model,1,2,3,False
communication_with_stakeholders,0,3,3,False
documentation,0,4,4,False
education_and_training,0,1,1,False
experiment_plan_template,0,1,1,False
feedback_template,0,1,1,False
fishbone_diagram,2,0,2,True
how_to_do_git_commit_messages_properly,2,1,3,False
jupyter_book,1,1,2,False
jobs_to_be_done,2,0,2,True
managing_data_science_teams,0,1,1,False
modern_data_team,0,0,0,True
one_pager_template,0,1,1,False
process_for_prototyping,0,1,1,False
problem_definition,1,1,2,False
project_management_portal,6,3,9,False
pull_request_template,0,1,1,False
raci,1,0,1,True
remaining_useful_life_models,1,0,1,True
return_of_experience_form,0,0,0,True
reveal.js,2,3,5,False
technical_debt,2,0,2,True
uml,0,0,0,True
html,3,2,5,False
why_use_er_diagrams,4,1,5,False
pdoc,2,1,3,False
nbconvert_slideshows,5,2,7,False
project_management,0,1,1,False
anova,3,6,9,False
addressing_multicollinearity,5,1,6,False
assumption_of_normality,1,2,3,False
bernoulli,0,1,1,False
bootstrap_sampling,1,4,5,False
casual_inference,0,1,1,False
central_limit_theorem_&_small_sample_sizes,5,1,6,False
central_limit_theorem,3,4,7,False
chi-squared_test,0,1,1,False
confidence_interval,0,5,5,False
correlation_vs_causation,1,2,3,False
cosine_similarity,3,7,10,False
correlation,8,14,22,False
covariance_vs_correlation,2,1,3,False
covariance,3,4,7,False
cryptography,5,0,5,True
differentation,0,0,0,True
distributions,10,26,36,False
em_algorithm,3,1,4,False
factor_analysis,4,1,5,False
gaussian_distribution,1,3,4,False
graph_theory,5,0,5,True
grouped_plots,1,2,3,False
handling_different_distributions,7,2,9,False
hypothesis_testing,5,9,14,False
interquartile_range_(iqr)_detection,1,2,3,False
johnson–lindenstrauss_lemma,1,2,3,False
markov_chain,1,2,3,False
mathematics,4,2,6,False
mean_absolute_error,0,5,5,False
mean_squared_error,0,9,9,False
multicollinearity,6,10,16,False
odds_vs_probability,2,1,3,False
odds,0,1,1,False
parametric_tests,0,1,1,False
prediction_intervals,2,3,5,False
probability,0,4,4,False
proportion_test,0,1,1,False
q-q_plot,1,4,5,False
r_squared,3,3,6,False
r-squared_metric_not_always_a_good_indicator_of_model_performance_in_regression,2,1,3,False
r,1,2,3,False
reasoning_tokens,3,0,3,True
resampling,5,7,12,False
root_mean_squared_error,1,6,7,False
spearman_vs_pearson_correlation,4,0,4,True
standard_deviation,4,3,7,False
standardisation,7,8,15,False
statistical_assumptions,9,7,16,False
statistical_tests,8,5,13,False
statistical_theorems,0,1,1,False
statistics,28,8,36,False
stochastic_gradient_descent,7,8,15,False
symbolic_computation,6,1,7,False
sympy,0,1,1,False
t-test,4,5,9,False
variance,3,10,13,False
violin_plot,1,1,2,False
z-normalisation,6,4,10,False
z-score,5,3,8,False
z-scores_vs_prediction_intervals,2,0,2,True
information_theory,0,2,2,False
z-test,2,2,4,False
mean_vs_median,1,0,1,True
non-parametric,0,7,7,False
p_values,1,4,5,False
parametric_vs_non-parametric_models,5,1,6,False
parametric_vs_non-parametric_tests,5,1,6,False
statsmodels,0,2,2,False
parsimonious,2,1,3,False
univariate_vs_multivariate,2,2,4,False
granger_causality_test,0,0,0,True
mean_reverting,0,2,2,False
overview-base,0,0,0,True
pgn,1,0,1,True
time_series_shapelet,0,0,0,True
time_sampling,0,1,1,False
varmax,8,0,8,True
algebraic_chess_notation,0,1,1,False
ml_tools,0,24,24,False
bandit_example_nonfixed.py,0,2,2,False
categories/devops/github_actions,0,1,1,False
memoization,0,1,1,False
de_tools,0,26,26,False
prefect,0,2,2,False
pasted_image_20240922202938.png,0,1,1,False
binary_tree,0,1,1,False
pasted_image_20241004074458.png,0,1,1,False
explainability,0,1,1,False
pasted_image_20240921154214.png,0,1,1,False
agents_and_tools,0,1,1,False
chains,0,1,1,False
models,0,1,1,False
parallelism,0,2,2,False
uncategorised/outliers,0,18,18,False
streamlit.io,0,2,2,False
data_asset,0,1,1,False
univariate_analysis,0,2,2,False
eda_pandas.py,0,1,1,False
storage/utils/file_getter/selected_files/outliers,0,3,3,False
google,0,3,3,False
pasted_image_20241015211844.png,0,2,2,False
categories/devops/databricks,0,4,4,False
obsidian_csp0fnavd1.png,0,1,1,False
multidimensional_scaling,0,1,1,False
apoc_procedures,0,1,1,False
deleting_rows_or_filling_them_with_the_mean_is_not_always_best,0,1,1,False
pasted_image_20250312163351.png,0,1,1,False
cloud,0,2,2,False
pasted_image_20241005170237.png,0,1,1,False
apache_iceberg_vs_databricks,0,1,1,False
delta_lake,0,2,2,False
storage_layer_object_store\,0,1,1,False
concatenate,0,1,1,False
pasted_image_20250323081817.png,0,1,1,False
type_checking,0,3,3,False
b-tree,0,1,1,False
oracle,0,1,1,False
edge_computing,0,1,1,False
"""domains"",""country"",""web_pages"",""name""",0,1,1,False
software_architecture,0,3,3,False
microservices,0,3,3,False
data_factory,0,1,1,False
synapse,0,1,1,False
t-sql,0,1,1,False
pasted_image_20250323081619.png,0,1,1,False
"'var1',_'var2'",0,1,1,False
object-oriented_programming,0,1,1,False
pasted_image_20250323083319.png,0,1,1,False
"'order_id',_'order_date',_'customer_id',_'amount'",0,1,1,False
"'customer_id',_'customer_name',_'contact_name',_'country'",0,1,1,False
linux,0,2,2,False
real-time_processing,0,1,1,False
source_of_truth,0,1,1,False
pasted_image_20250329081752.png,0,1,1,False
s3_bucket,0,1,1,False
xml,0,2,2,False
pasted_image_20250909163931.png,0,1,1,False
generative_agents_-_interactive_simulacra_of_human_behavior,0,1,1,False
what_are_the_bellman_equations_that_are_used_in_rl?,0,1,1,False
pasted_image_20250909160252.png,0,1,1,False
pasted_image_20251005094835.png,0,1,1,False
c1_w2_lab07_featureenglecture.png,0,1,1,False
pasted_image_20241224083928.png,0,1,1,False
pasted_image_20250126135722.png,0,1,1,False
train-test_splits_for_time_series,0,1,1,False
pasted_image_20250909160435.png,0,1,1,False
pasted_image_20250909160420.png,0,1,1,False
availability,0,1,1,False
accessibility,0,1,1,False
compatibility,0,1,1,False
speed,0,1,1,False
performance,0,1,1,False
cost-efficiency,0,1,1,False
flexibility,0,1,1,False
simplicity,0,1,1,False
portability,0,1,1,False
reusability,0,1,1,False
curve_fitting,0,1,1,False
facebook,0,1,1,False
pasted_image_20250909171538.png,0,1,1,False
pasted_image_20250909171641.png,0,1,1,False
pasted_image_20241231172403.png,0,1,1,False
pasted_image_20241231172459.png,0,1,1,False
pasted_image_20250909163410.png,0,1,1,False
pasted_image_20250909163151.png,0,1,1,False
clustering_time_series,0,1,1,False
mlops_for_time_series,0,1,1,False
"explain_different_gradient_descent_algorithms,_their_advantages,_and_limitations.",0,1,1,False
what_is_the_role_of_gradient-based_optimization_in_training_deep_learning_models.,0,1,1,False
pasted_image_20241006124735.png,0,1,1,False
pasted_image_20241006124829.png,0,1,1,False
pasted_image_20241015211424.png,0,1,1,False
exploitation,0,1,1,False
apache_spark_streaming,0,1,1,False
apache_flink,0,1,1,False
bash_folder,0,1,1,False
command_prompt\,0,1,1,False
continuous_delivery/deployment,0,1,1,False
delta_tables_and_catalogs,0,1,1,False
classes,0,1,1,False
sequence_diagram,0,1,1,False
architecture_diagram,0,1,1,False
mlflow,0,1,1,False
stackbiz,0,1,1,False
azure_data_lake,0,1,1,False
aws_s3,0,1,1,False
data_audit,0,1,1,False
aws,0,1,1,False
key_differences_of_web_feature_server_(wfs)_and_web_feature_server_(wfs),0,1,1,False
uncategorised/firebase,0,1,1,False
**google_apps_script**,0,1,1,False
1-overview,0,1,1,False
lambdas,0,2,2,False
ps1,0,1,1,False
vim,0,1,1,False
requirements.txt,0,1,1,False
pasted_image_20240922201606.png,0,1,1,False
pasted_image_20240922202345.png,0,1,1,False
data_ethics,0,1,1,False
model_explainability,0,1,1,False
meeting_notes_template,0,1,1,False
data_request_template,0,1,1,False
postmortem_template,0,1,1,False
retrospective_template,0,1,1,False
differential_equations,0,1,1,False
stochastic_modeling,0,1,1,False
how_to_model_to_improve_demand_forecasting,0,1,1,False
pasted_image_20250427072645.png,0,1,1,False
what_algorithms_or_models_are_used_within_the_telecommunication_sector,0,1,1,False
what_algorithms_or_models_are_used_within_the_energy_sector,0,1,1,False
showcase_value,0,1,1,False
rl,0,1,1,False
how_do_we_choose_the_right_activation_function,0,1,1,False
interpretability\,0,1,1,False
multivariate_data,0,1,1,False
gradient_descent_optimizers,0,1,1,False
pasted_image_20241219071904.png,0,1,1,False
categorical,0,3,3,False
pasted_image_20240404163858.png,0,1,1,False
pasted_image_20240116205937.png,0,1,1,False
pasted_image_20240116210541.png,0,1,1,False
pasted_image_20240120215414.png,0,1,1,False
pasted_image_20241216202917.png,0,1,1,False
pasted_image_20241216202825.png,0,1,1,False
cross_entropy_net.py,0,1,1,False
categorical_data,0,1,1,False
pasted_image_20240404154526.png,0,1,1,False
pruning,0,1,1,False
pasted_image_20250220133838.png,0,1,1,False
pasted_image_20240405173403.png,0,1,1,False
onnx,0,1,1,False
bradley-terry_model,0,1,1,False
elo_rating_system,0,1,1,False
lmsys,0,1,1,False
pasted_image_20241217073706.png,0,1,1,False
pasted_image_20241222091831.png,0,3,3,False
harmonic_mean,0,1,1,False
forward_feature_selection,0,1,1,False
univariate_feature_selection,0,1,1,False
svd,0,1,1,False
univariate_data,0,2,2,False
pasted_image_20241230202826.png,0,1,1,False
obsidian_epiqlato5w.png,0,1,1,False
obsidian_m4mzgsax7d.png,0,1,1,False
pasted_image_20241224082847.png,0,1,1,False
obsidian_fegflf5rkq.png,0,1,1,False
pasted_image_20240128194244.png,0,1,1,False
uncategorised/optuna,0,3,3,False
interpretable_decision_trees,0,1,1,False
hyperparameter_tuning_gridsearchcv.py,0,1,1,False
pasted_image_20241230200255.png,0,1,1,False
pasted_image_20251005094421.png,0,1,1,False
pasted_image_20241216204925.png,0,1,1,False
continuous,0,1,1,False
pasted_image_20240112101344.png,0,1,1,False
linearity,0,2,2,False
mle,0,1,1,False
pasted_image_20240124095916.png,0,1,1,False
pasted_image_20240127124620.png,0,1,1,False
pasted_image_20250902074843.png,0,1,1,False
likelihood,0,1,1,False
parametric_vs_nonparametric_models,0,1,1,False
validation,0,1,1,False
pasted_image_20241231142918.png,0,1,1,False
random_search,0,1,1,False
compute_efficent_frontier,0,1,1,False
pasted_image_20241017072732.png,0,1,1,False
resolution_limited_scaling,0,1,1,False
pasted_image_20241017074030.png,0,1,1,False
intrinsic_dimension_of_natural_language,0,1,1,False
validation_loss,0,1,1,False
pasted_image_20241017073743.png,0,1,1,False
entropy_of_natural_language,0,1,1,False
cross_entropy_loss,0,1,1,False
pasted_image_20241017072233.png,0,1,1,False
pasted_image_20241219071120.png,0,1,1,False
pasted_image_20240117145455_1.png,0,1,1,False
pasted_image_20240124135607.png,0,1,1,False
pasted_image_20250317093551.png,0,1,1,False
pasted_image_20241204203338.png,0,1,1,False
pasted_image_20241204203413.png,0,1,1,False
pasted_image_20250113072251.png,0,1,1,False
pasted_image_20240116211130.png,0,1,1,False
pasted_image_20241231172749.png,0,1,1,False
"1.0,_2.0",0,1,1,False
pasted_image_20250220133556.png,0,1,1,False
pasted_image_20240128194716.png,0,1,1,False
pasted_image_20240118145117.png,0,1,1,False
pasted_image_20241219073440.png,0,1,1,False
pasted_image_20241219073017.png,0,1,1,False
pasted_image_20241012152141.png,0,1,1,False
pasted_image_20240128193838.png,0,1,1,False
pasted_image_20240128193726.png,0,1,1,False
handwritten_digit_classification,0,1,1,False
sci-kit_learn,0,1,1,False
ruptures,0,1,1,False
training_data,0,2,2,False
validation_data,0,2,2,False
uncategorised/attention_is_all_you_need,0,1,1,False
reformer,0,1,1,False
time-series_data,0,1,1,False
gated_recurrent_units,0,1,1,False
longformer,0,1,1,False
pasted_image_20241015211934.png,0,1,1,False
pasted_image_20250312064809.png,0,1,1,False
xavier,0,1,1,False
prediction,0,1,1,False
paste-3345779523926.png,0,1,1,False
self-attention_vs_multi-head_attention,0,1,1,False
sentence-bert,0,1,1,False
pasted_image_20250130074219.png,0,1,1,False
pasted_image_20240524130607.png,0,1,1,False
pasted_image_20240524131311.png,0,1,1,False
gan,0,1,1,False
pasted_image_20240524131603.png,0,1,1,False
call_summarisation,0,1,1,False
anthropic,0,1,1,False
multilayer_perceptrons,0,1,1,False
model_performance,0,1,1,False
transactional_journeys,0,2,2,False
caching,0,1,1,False
generative,0,2,2,False
slm,0,1,1,False
weaviate,0,1,1,False
gpt-f,0,1,1,False
grok,0,1,1,False
what_are_the_challenges_of_ner_in_multilingual_contexts,0,1,1,False
how_does_the_choice_of_training_data_affect_the_performance_of_ner_models,0,1,1,False
pasted_image_20250823094439.png,0,1,1,False
data_archive,0,1,1,False
how_can_prompt_engineering_be_integrated_into_existing_nlp_workflows_to_enhance_performance,0,1,1,False
pasted_image_20240910072458.png,0,1,1,False
hallucinating,0,1,1,False
retriever,0,1,1,False
pasted_image_20240928194559.png,0,1,1,False
smart_connections,0,1,1,False
contrastive_decoding,0,1,1,False
extraction,0,1,1,False
abstraction,0,1,1,False
pasted_image_20241217204829.png,0,1,1,False
fasttext,0,1,1,False
pasted_image_20240916075439.png,0,1,1,False
pasted_image_20240916075433.png,0,1,1,False
pasted_image_20250312162034.png,0,1,1,False
pasted_image_20250427074650.png,0,1,1,False
github_pages,0,1,1,False
read_the_docs,0,1,1,False
pasted_image_20250726211647.png,0,1,1,False
"'var1',_'var2',_'var3'",0,1,1,False
"'var1',_'target'",0,1,1,False
binomial,0,1,1,False
uniform,0,1,1,False
poisson,0,1,1,False
pasted_image_20250308191945.png,0,1,1,False
networkx,0,1,1,False
pasted_image_20250402212849.png,0,1,1,False
model_robustness,0,1,1,False
pasted_image_20250427083434.png,0,1,1,False
proportional_hazard_model,0,1,1,False
likelihood_ratio,0,1,1,False
adaptive_decision_analysis,0,1,1,False
expectation_maximisation_algorithm,0,1,1,False
tidyverse,0,1,1,False
mathematica,0,1,1,False
pasted_image_20241224091157.png,0,1,1,False
pasted_image_20241224091007.png,0,1,1,False
pasted_image_20241224091151.png,0,1,1,False
parametric,0,1,1,False
kalman_filtering,0,1,1,False
"'revenue',_'customers'",0,1,1,False
'marketing_spend',0,1,1,False
exogenous_regressors,0,1,1,False
